Title,Media URL,Pinterest board,Thumbnail,Description,Link,Publish date,Keywords
"Vital Proteins Collagen Peptides, Unflavoured, 567 g",https://raw.githubusercontent.com/VitaliiSulim/wellness-shelf-pins/main/content/pins/71356.jpg,Vitamins & Supplements,,"Affiliate link: we may earn a commission at no extra cost to you. Unflavoured collagen peptides that dissolve into hot or cold drinks, from morning coffee to smoothies, with no taste or texture. Rated 4.8 from over 38,000 reviews. An easy add to a daily wellness routine.",https://www.iherb.com/pr/vital-proteins-collagen-peptides-unflavored-20-oz-567-g/71356,2026-09-24T06:30:00,"collagen powder, collagen peptides, morning coffee, wellness routine, beauty supplements"
"Round Lab Birch Juice Moisturizing Sunscreen SPF 45, 50 ml",https://raw.githubusercontent.com/VitaliiSulim/wellness-shelf-pins/main/content/pins/146043.jpg,Korean Skincare Finds,,"Affiliate link: we may earn a commission at no extra cost to you. A hydrating Korean sunscreen with birch sap that feels like a light moisturiser and sits well under makeup. SPF 45, rated 4.6 from over 1,200 reviews. The last step of a K-beauty morning routine.",https://www.iherb.com/pr/round-lab-birch-juice-moisturizing-uvlock-sunscreen-spf-45-1-69-fl-oz-50-ml/146043,2026-09-24T11:00:00,"korean sunscreen, k beauty, daily spf, skincare routine, sunscreen for face"
"Yogi Tea Chai Rooibos, Caffeine Free, 16 Bags",https://raw.githubusercontent.com/VitaliiSulim/wellness-shelf-pins/main/content/pins/5513.jpg,Herbal Tea & Healthy Drinks,,"Affiliate link: we may earn a commission at no extra cost to you. Rooibos with warming chai spices: cinnamon, ginger, cardamom and clove. Naturally caffeine free, lovely with a splash of milk. Rated 4.7 from over 7,000 reviews. An autumn cuppa for cosy afternoons.",https://www.iherb.com/pr/yogi-tea-chai-rooibos-caffeine-free-16-tea-bags-1-27-oz-36-g/5513,2026-09-24T17:00:00,"chai tea, rooibos tea, caffeine free tea, autumn drinks, cosy tea"
"SheaMoisture Jamaican Black Castor Oil Leave-In Conditioner, 340 ml",https://raw.githubusercontent.com/VitaliiSulim/wellness-shelf-pins/main/content/pins/102845.jpg,Natural Hair Care,,"Affiliate link: we may earn a commission at no extra cost to you. A creamy leave-in conditioner with Jamaican black castor oil and shea butter, for softer hair that is easier to detangle and style. Rated 4.6 from over 46,000 reviews. A wash day essential.",https://www.iherb.com/pr/sheamoisture-jamaican-black-castor-oil-strengthen-restore-leave-in-conditioner-11-5-fl-oz-340-ml/102845,2026-09-24T19:30:00,"leave in conditioner, curly hair routine, natural hair care, wash day, hair care routine"
"NOW Sports Pea Protein, Pure Unflavoured, 907 g",https://raw.githubusercontent.com/VitaliiSulim/wellness-shelf-pins/main/content/pins/9858.jpg,Protein & Sports Nutrition,,"Affiliate link: we may earn a commission at no extra cost to you. Unflavoured pea protein powder with a single ingredient, easy to blend into smoothies, porridge and plant-based bakes. Vegan friendly, rated 4.4 from over 6,500 reviews.",https://www.iherb.com/pr/now-foods-sports-pea-protein-pure-unflavored-2-lbs-907-g/9858,2026-09-25T06:30:00,"vegan protein, pea protein, plant based protein, smoothie recipes, gym supplements"
"Heritage Store Rosewater & Glycerin Facial Mist, 237 ml",https://raw.githubusercontent.com/VitaliiSulim/wellness-shelf-pins/main/content/pins/55686.jpg,Natural Skincare & Body Care,,"Affiliate link: we may earn a commission at no extra cost to you. A hydrating rosewater and glycerin facial mist for a refreshing spritz after cleansing, over makeup or at your desk. Rated 4.6 from over 43,000 reviews. A simple, pretty self care staple.",https://www.iherb.com/pr/heritage-store-rosewater-glycerin-hydrating-facial-mist-dry-to-combination-skin-8-fl-oz-237-ml/55686,2026-09-25T11:00:00,"rosewater mist, facial mist, natural skincare, self care routine, skincare routine"
"Micro Ingredients Allulose Sweetener, 1.36 kg",https://raw.githubusercontent.com/VitaliiSulim/wellness-shelf-pins/main/content/pins/142762.jpg,Healthy Snacks & Pantry,,"Affiliate link: we may earn a commission at no extra cost to you. Allulose is a sugar alternative that browns and bakes much like regular sugar, so it works in cookies, cakes and coffee. Big 1.36 kg bag, rated 4.7 from over 1,500 reviews. A pantry swap for lower-sugar baking.",https://www.iherb.com/pr/micro-ingredients-allulose-sweetener-3-lb-1-361-g/142762,2026-09-25T17:00:00,"sugar alternative, low sugar baking, healthy baking, healthy pantry, keto baking"
"Nordic Naturals Children's DHA Gummy Chews, Tropical Punch, 30 Gummies",https://raw.githubusercontent.com/VitaliiSulim/wellness-shelf-pins/main/content/pins/96460.jpg,Kids & Baby Wellness,,"Affiliate link: we may earn a commission at no extra cost to you. Tropical punch flavoured DHA gummy chews for children aged 3+, an easy way to add omega-3 to the morning routine without the fishy taste. Rated 4.9 from over 14,000 reviews.",https://www.iherb.com/pr/nordic-naturals-children-s-dha-gummy-chews-ages-3-tropical-punch-30-gummies-355-mg-per-gummy/96460,2026-09-25T19:30:00,"kids vitamins, omega 3 gummies, dha for kids, family wellness, parenting tips"
"Life Extension BioActive Complete B-Complex, 60 Vegetarian Capsules",https://raw.githubusercontent.com/VitaliiSulim/wellness-shelf-pins/main/content/pins/67051.jpg,Vitamins & Supplements,,"Affiliate link: we may earn a commission at no extra cost to you. A full B-complex with methylfolate and methylcobalamin in one small vegetarian capsule. Rated 4.8 from over 114,000 reviews. A simple pick for anyone streamlining their daily vitamin routine.",https://www.iherb.com/pr/life-extension-bioactive-complete-b-complex-60-vegetarian-capsules/67051,2026-09-26T06:30:00,"b complex, b vitamins, daily vitamins, vitamins and supplements, wellness routine"
"Idealove Superfood Skin Savior Sheet Masks, Variety Pack of 7",https://raw.githubusercontent.com/VitaliiSulim/wellness-shelf-pins/main/content/pins/124288.jpg,Korean Skincare Finds,,"Affiliate link: we may earn a commission at no extra cost to you. A variety pack of seven sheet masks with superfood extracts, one for every night of the week. Rated 4.7 from over 19,000 reviews. The easiest self care evening: pop one on, put the kettle on.",https://www.iherb.com/pr/idealove-superfood-skin-savior-beauty-masks-variety-pack-7-sheets-0-68-fl-oz-20-ml-each/124288,2026-09-26T11:00:00,"sheet mask, self care night, pamper night, skincare routine, k beauty"
"Traditional Medicinals Organic Peppermint Tea, 16 Bags",https://raw.githubusercontent.com/VitaliiSulim/wellness-shelf-pins/main/content/pins/6734.jpg,Herbal Tea & Healthy Drinks,,"Affiliate link: we may earn a commission at no extra cost to you. Organic peppermint herbal tea, naturally caffeine free, bold and cooling. 16 individually wrapped tea bags, rated 4.7 from over 4,700 reviews. A fresh after-dinner cuppa for cosy evenings.",https://www.iherb.com/pr/traditional-medicinals-organic-peppermint-caffeine-free-16-wrapped-tea-bags-0-85-oz-24-g/6734,2026-09-26T17:00:00,"peppermint tea, herbal tea, caffeine free tea, after dinner tea, cosy evening routine"
"Giovanni Smooth As Silk Deep Moisture Shampoo, 250 ml",https://raw.githubusercontent.com/VitaliiSulim/wellness-shelf-pins/main/content/pins/6419.jpg,Natural Hair Care,,"Affiliate link: we may earn a commission at no extra cost to you. A deep moisture shampoo with botanical oils for dry, frizzy or damaged hair, leaving it soft and smooth. Rated 4.5 from over 71,000 reviews. A salon-feel wash on a drugstore budget.",https://www.iherb.com/pr/giovanni-smooth-as-silk-deep-moisture-shampoo-for-damaged-hair-8-5-fl-oz-250-ml/6419,2026-09-26T19:30:00,"dry hair shampoo, frizzy hair, hair care routine, natural hair care, smooth hair"
"Micro Ingredients Electrolytes Powder, Lemon & Raspberry, 907 g",https://raw.githubusercontent.com/VitaliiSulim/wellness-shelf-pins/main/content/pins/146526.jpg,Protein & Sports Nutrition,,"Affiliate link: we may earn a commission at no extra cost to you. A lemon raspberry electrolyte drink powder for long runs, hot workouts and busy summer days. Big 907 g tub, rated 4.7 from over 600 reviews. Stir into your water bottle and go.",https://www.iherb.com/pr/micro-ingredients-electrolytes-lemon-raspberry-2-lb-907-g/146526,2026-09-27T06:30:00,"electrolytes, hydration, running essentials, gym supplements, workout routine"
"Dr Teal's Epsom Salt Body Wash, Glow & Radiance, 710 ml",https://raw.githubusercontent.com/VitaliiSulim/wellness-shelf-pins/main/content/pins/135467.jpg,Natural Skincare & Body Care,,"Affiliate link: we may earn a commission at no extra cost to you. A body wash with pure Epsom salt and a bright, uplifting scent, for a spa-feel shower at home. Big 710 ml bottle, rated 4.7 from over 1,000 reviews. An easy upgrade to the everyday self care routine.",https://www.iherb.com/pr/dr-teal-s-body-wash-with-pure-epsom-salt-glow-radiance-24-fl-oz-710-ml/135467,2026-09-27T11:00:00,"body wash, shower routine, self care routine, spa at home, body care"
"Wild Planet Wild Sardines in Water, No Salt Added, 125 g",https://raw.githubusercontent.com/VitaliiSulim/wellness-shelf-pins/main/content/pins/80962.jpg,Healthy Snacks & Pantry,,"Affiliate link: we may earn a commission at no extra cost to you. Wild-caught sardines in water with no salt added, ready for toast, salads, pasta and tinned fish boards. Rated 4.7 from over 4,000 reviews. A protein-packed pantry staple for quick lunches.",https://www.iherb.com/pr/wild-planet-wild-sardines-in-water-no-salt-added-4-4-oz-125-g/80962,2026-09-27T17:00:00,"tinned fish, sardines, healthy lunch ideas, high protein meals, healthy pantry"
"ChildLife Essentials Multi Vitamin & Mineral, Orange Mango, 237 ml",https://raw.githubusercontent.com/VitaliiSulim/wellness-shelf-pins/main/content/pins/6368.jpg,Kids & Baby Wellness,,"Affiliate link: we may earn a commission at no extra cost to you. A liquid multivitamin and mineral for kids with a natural orange mango flavour, easy to take from a spoon or mixed into juice. Rated 4.8 from over 22,000 reviews. A family favourite.",https://www.iherb.com/pr/childlife-essentials-multi-vitamin-mineral-natural-orange-mango-8-fl-oz-237-ml/6368,2026-09-27T19:30:00,"kids multivitamin, kids vitamins, family wellness, parenting tips, toddler routine"
"ALLMAX Leak-Proof Shaker Bottle, 700 ml",https://raw.githubusercontent.com/VitaliiSulim/wellness-shelf-pins/main/content/pins/69599.jpg,Protein & Sports Nutrition,,"Affiliate link: we may earn a commission at no extra cost to you. A 700 ml leak-proof shaker bottle for protein shakes, electrolytes and pre-workout, sturdy enough to live in your gym bag. Rated 4.6 from over 9,000 reviews.",https://www.iherb.com/pr/allmax-leak-proof-shaker-black-red-25-oz-700-ml/69599,2026-09-28T06:30:00,"shaker bottle, gym bag essentials, protein shake, gym accessories, workout routine"
"Hurraw! Vanilla Bean Lip Balm, 4.8 g",https://raw.githubusercontent.com/VitaliiSulim/wellness-shelf-pins/main/content/pins/52947.jpg,Natural Skincare & Body Care,,"Affiliate link: we may earn a commission at no extra cost to you. A vegan, plant-based lip balm with a soft vanilla bean scent, in a slim oval tube that slips into any pocket. Rated 4.7 from over 3,000 reviews. A small everyday favourite.",https://www.iherb.com/pr/hurraw-balm-lip-balm-vanilla-bean-0-17-oz-4-8-g/52947,2026-09-28T11:00:00,"lip balm, vegan beauty, natural skincare, handbag essentials, lip care"
"California Gold Nutrition Snack Bars Variety Pack, 12 Bars",https://raw.githubusercontent.com/VitaliiSulim/wellness-shelf-pins/main/content/pins/89094.jpg,Healthy Snacks & Pantry,,"Affiliate link: we may earn a commission at no extra cost to you. A variety pack of 12 nut and fruit snack bars in different flavours, handy for lunchboxes, work bags and road trips. Rated 4.6 from over 61,000 reviews. Easy healthy snacks, sorted.",https://www.iherb.com/pr/california-gold-nutrition-foods-variety-pack-snack-bars-12-bars-1-4-oz-40-g-each/89094,2026-09-28T17:00:00,"healthy snacks, snack bars, lunchbox ideas, snacks on the go, healthy pantry"
"Crayola Shaker Bath Dropz, Fragrance Free, 60 Tablets",https://raw.githubusercontent.com/VitaliiSulim/wellness-shelf-pins/main/content/pins/82469.jpg,Kids & Baby Wellness,,"Affiliate link: we may earn a commission at no extra cost to you. Fizzy colour tablets from Crayola that turn the bath water into a rainbow, fragrance free and for ages 3+. Rated 4.7 from over 18,000 reviews. The easiest way to get little ones excited about bath time.",https://www.iherb.com/pr/crayola-shaker-bath-dropz-3-fragrance-free-60-tablets-3-59-oz-102-g/82469,2026-09-28T19:30:00,"bath time fun, kids bath, toddler activities, parenting hacks, family fun"
