id,slug,board,brand_line,headline,title,description,keywords,image,rating,reviews,link,status,posted
88819,now-foods-magnesium-glycinate-180-tablets-100-mg-per-tablet,Vitamins & Supplements,"NOW Foods · Magnesium Glycinate, 180 tablets","Magnesium glycinate, the gentle form","NOW Foods Magnesium Glycinate, 180 Tablets","Affiliate link: we may earn a commission at no extra cost to you. Magnesium glycinate is the chelated form many people choose for their evening supplement routine, as it is known for being gentle on the stomach. 180 tablets, 100 mg each, rated 4.8 from over 43,000 reviews.","magnesium glycinate, magnesium supplement, vitamins and supplements, evening routine, wellness routine",images/now/now01289/l/62.jpg,4.8,43405,,live_direct,2026-09-23
71026,california-gold-nutrition-sport-pure-creatine-monohydrate-unflavored-1-lb-454-g,Protein & Sports Nutrition,"California Gold Nutrition · Creatine Monohydrate, 454 g","Pure creatine, nothing added","Pure Creatine Monohydrate Powder, Unflavoured, 454 g","Affiliate link: we may earn a commission at no extra cost to you. Plain unflavoured creatine monohydrate with a single ingredient, easy to stir into water, a shake or your morning coffee. Rated 4.8 from over 41,000 reviews. A gym bag staple for strength training and home workouts.","creatine monohydrate, gym supplements, strength training, workout routine, fitness essentials",images/cgn/cgn01059/l/380.jpg,4.8,41608,,live_direct,2026-09-23
4193,nordic-naturals-children-s-dha-ages-1-strawberry-4-fl-oz-119-ml,Kids & Baby Wellness,"Nordic Naturals · Children's DHA, 119 ml",Kids' omega-3 in strawberry flavour,"Nordic Naturals Children's DHA, Strawberry, 119 ml","Affiliate link: we may earn a commission at no extra cost to you. A liquid fish oil for children aged 1+, strawberry flavoured so it slips easily into the morning routine. Rated 4.9 from over 44,000 reviews. Family wellness finds for busy parents.","kids vitamins, omega 3 for kids, fish oil for children, family wellness, parenting tips",images/nor/nor56780/l/101.jpg,4.9,44614,,live_direct,2026-09-23
63390,traditional-medicinals-organic-spearmint-caffeine-free-16-wrapped-tea-bags-0-85-oz-24-g,Herbal Tea & Healthy Drinks,"Traditional Medicinals · Organic Spearmint, 16 bags",A caffeine-free cuppa for slow evenings,"Traditional Medicinals Organic Spearmint Tea, 16 Bags","Affiliate link: we may earn a commission at no extra cost to you. Organic spearmint herbal tea, naturally caffeine free, fresh and bright. 16 individually wrapped tea bags, rated 4.7 from over 9,500 reviews. A cosy cuppa for the afternoon slump or a calm evening.","herbal tea, caffeine free tea, spearmint tea, organic tea, cosy evening routine",images/tra/tra00163/l/67.jpg,4.7,9540,,live_direct,2026-09-23
38245,pb2-foods-original-powdered-peanut-butter-6-5-oz-184-g,Healthy Snacks & Pantry,"PB2 Foods · Powdered Peanut Butter, 184 g","Peanut butter, the powdered way","PB2 Original Powdered Peanut Butter, 184 g","Affiliate link: we may earn a commission at no extra cost to you. Powdered peanut butter you mix with a splash of water, or stir straight into smoothies, porridge and overnight oats. Rated 4.7 from over 20,000 reviews. A lighter pantry swap for breakfast and snack ideas.","healthy snacks, powdered peanut butter, smoothie ideas, overnight oats, healthy pantry",images/bpl/bpl00200/l/54.jpg,4.7,20048,,live_direct,2026-09-23
77208,cosrx-advanced-snail-96-mucin-power-essence-3-38-fl-oz-100-ml,Korean Skincare Finds,"COSRX · Snail 96 Mucin Power Essence, 100 ml",The K-beauty essence with a cult following,"COSRX Advanced Snail 96 Mucin Power Essence, 100 ml","Affiliate link: we may earn a commission at no extra cost to you. The Korean skincare essence that made snail mucin famous: a light, slightly gel texture that layers under moisturiser for a dewy, hydrated look. Rated 4.6 from over 66,000 reviews. A K-beauty routine staple.","korean skincare, k beauty, snail mucin, skincare routine, glass skin",images/crx/crx47000/l/39.jpg,4.6,66280,,live_direct,2026-09-23
108541,vanicream-gentle-facial-cleanser-for-sensitive-skin-fragrance-free-8-fl-oz-237-ml,Natural Skincare & Body Care,"Vanicream · Gentle Facial Cleanser, 237 ml",A no-fuss cleanser for sensitive skin,"Vanicream Gentle Facial Cleanser, Fragrance Free, 237 ml","Affiliate link: we may earn a commission at no extra cost to you. A fragrance-free, soap-free gel cleanser made for sensitive skin, with no dyes or parabens. Gentle enough for morning and evening. Rated 4.7 from over 9,000 reviews. Simple skincare that keeps things minimal.","sensitive skin skincare, gentle cleanser, fragrance free skincare, minimalist skincare, skincare routine",images/vnc/vnc32208/l/12.jpg,4.7,9220,,live_direct,2026-09-23
110487,mielle-scalp-hair-strengthening-oil-rosemary-mint-2-fl-oz-59-ml,Natural Hair Care,"Mielle · Rosemary Mint Scalp & Hair Oil, 59 ml",Rosemary oil for your scalp-care routine,"Mielle Rosemary Mint Scalp & Hair Strengthening Oil, 59 ml","Affiliate link: we may earn a commission at no extra cost to you. A rosemary mint scalp oil with biotin, loved for pre-wash scalp massages and for smoothing dry ends. The narrow nozzle makes it easy to apply straight to the scalp. Rated 4.6 from over 71,000 reviews.","rosemary oil for hair, hair care routine, scalp care, natural hair care, hair oil",images/mie/mie00673/l/105.jpg,4.6,71865,,live_direct,2026-09-23
62118,california-gold-nutrition-omega-3-premium-fish-oil-100-fish-gelatin-softgels-1-100-mg-per-softgel,Vitamins & Supplements,"California Gold Nutrition · Omega-3 Fish Oil, 100 softgels",The fish oil with half a million reviews,"California Gold Nutrition Omega-3 Premium Fish Oil, 100 Softgels","Affiliate link: we may earn a commission at no extra cost to you. Everyday omega-3 fish oil in fish gelatin softgels, 1,100 mg each. One of the most reviewed supplements out there, rated 4.8 from over 490,000 reviews. An easy add to a simple daily vitamin routine.","omega 3 fish oil, fish oil supplement, daily vitamins, vitamins and supplements, wellness routine",images/mli/mli00952/l/392.jpg,4.8,491012,,live_direct,2026-09-23
154842,anua-heartleaf-77-soothing-toner-8-45-fl-oz-250-ml,Korean Skincare Finds,"Anua · Heartleaf 77% Soothing Toner, 250 ml",The heartleaf toner K-beauty fans swear by,"Anua Heartleaf 77% Soothing Toner, 250 ml","Affiliate link: we may earn a commission at no extra cost to you. A light, watery Korean toner made with 77% heartleaf extract, for a calm, fresh-feeling first step after cleansing. Rated 4.7 from over 1,400 reviews. A gentle K-beauty staple for sensitive skin routines.","korean skincare, k beauty toner, heartleaf toner, sensitive skin routine, skincare routine",images/auu/auu73009/l/17.jpg,4.7,1457,,live_direct,2026-09-23
88411,california-gold-nutrition-superfoods-organic-matcha-green-tea-powder-4-oz-114-g,Herbal Tea & Healthy Drinks,"California Gold Nutrition · Organic Matcha Powder, 114 g","Your café matcha latte, made at home","Organic Matcha Green Tea Powder, 114 g","Affiliate link: we may earn a commission at no extra cost to you. Organic matcha green tea powder for iced matcha lattes, hot matcha and smoothies. Whisk with a splash of hot water, then top up with milk. Rated 4.6 from over 5,000 reviews. A cosy upgrade to the morning coffee run.","matcha latte, matcha recipes, green tea, healthy drinks, morning routine",images/cgn/cgn01310/l/46.jpg,4.6,5060,,live_direct,2026-09-23
27497,optimum-nutrition-gold-standard-100-whey-protein-double-rich-chocolate-1-98-lb-899-g,Protein & Sports Nutrition,"Optimum Nutrition · Gold Standard Whey, 899 g",The classic chocolate whey shake,"Optimum Nutrition Gold Standard 100% Whey, Double Rich Chocolate, 899 g","Affiliate link: we may earn a commission at no extra cost to you. The gym classic: a chocolate whey protein powder that mixes smoothly with milk or water, and works in overnight oats and protein pancakes too. Rated 4.7 from over 33,000 reviews.","whey protein, protein shake, gym supplements, post workout, protein recipes",images/opn/opn02861/l/69.jpg,4.7,33566,,live_direct,2026-09-23
6356,childlife-essentials-liquid-vitamin-c-natural-orange-4-fl-oz-118-ml,Kids & Baby Wellness,"ChildLife Essentials · Liquid Vitamin C, 118 ml",Orange-flavoured vitamin C for little ones,"ChildLife Essentials Liquid Vitamin C, Natural Orange, 118 ml","Affiliate link: we may earn a commission at no extra cost to you. A liquid vitamin C with a natural orange flavour that kids actually like, easy to take by the spoon or mixed into juice. Rated 4.9 from over 54,000 reviews. A family favourite for the kids' morning routine.","kids vitamins, vitamin c for kids, family wellness, parenting tips, toddler routine",images/cdl/cdl10200/l/144.jpg,4.9,54706,,live_direct,2026-09-23
147189,eos-shea-better-24h-moisture-body-lotion-vanilla-cashmere-16-fl-oz-473-ml,Natural Skincare & Body Care,"eos · Shea Better Body Lotion, Vanilla Cashmere",The vanilla body lotion that smells like a treat,"eos Shea Better 24H Moisture Body Lotion, Vanilla Cashmere, 473 ml","Affiliate link: we may earn a commission at no extra cost to you. A rich shea butter body lotion with a warm vanilla cashmere scent that lingers softly. Big 473 ml pump bottle, rated 4.7 from over 6,700 reviews. A little everyday luxury for your self care routine.","body lotion, vanilla scent, self care routine, body care, smell good products",images/eos/eos70701/l/24.jpg,4.7,6788,,live_direct,2026-09-23
85219,mild-by-nature-thickening-shampoo-b-complex-biotin-rosemary-mint-16-fl-oz-473-ml,Natural Hair Care,"Mild By Nature · Thickening Shampoo, Rosemary Mint",A rosemary mint shampoo for fuller-looking hair,"Mild By Nature Thickening Shampoo, Biotin & Rosemary Mint, 473 ml","Affiliate link: we may earn a commission at no extra cost to you. A biotin and B-complex shampoo with a fresh rosemary mint scent, made to leave hair looking fuller and feeling clean. Big 473 ml bottle, rated 4.6 from over 21,000 reviews.","rosemary mint shampoo, biotin shampoo, hair care routine, natural hair care, volume hair",images/mbn/mbn01231/l/113.jpg,4.6,21769,,live_direct,2026-09-23
58092,mamma-chia-organic-chia-seed-12-oz-340-g,Healthy Snacks & Pantry,"Mamma Chia · Organic Chia Seed, 340 g",Chia pudding starts here,"Mamma Chia Organic Chia Seed, 340 g","Affiliate link: we may earn a commission at no extra cost to you. Organic black chia seeds for overnight chia pudding, smoothie bowls, porridge toppings and homemade jam. Rated 4.8 from over 39,000 reviews. A pantry staple for easy healthy breakfasts.","chia pudding, chia seeds, healthy breakfast, overnight oats, healthy pantry",images/mch/mch00233/l/22.jpg,4.8,39180,,live_direct,2026-09-23
124745,california-gold-nutrition-vitamin-d3-k2-as-mk-7-180-veggie-capsules,Vitamins & Supplements,"California Gold Nutrition · Vitamin D3 + K2, 180 capsules",The D3 + K2 duo for darker months,"California Gold Nutrition Vitamin D3 + K2 (MK-7), 180 Veggie Capsules","Affiliate link: we may earn a commission at no extra cost to you. Vitamin D3 paired with K2 as MK-7 in one veggie capsule, a popular pick for autumn and winter when the days get shorter. 180 capsules, rated 4.8 from over 38,000 reviews.","vitamin d3 k2, vitamin d, winter wellness, vitamins and supplements, daily vitamins",images/cgn/cgn02333/l/63.jpg,4.8,38470,,live_direct,2026-09-23
104715,skin1004-madagascar-centella-ampoule-1-85-fl-oz-55-ml,Korean Skincare Finds,"SKIN1004 · Madagascar Centella Ampoule, 55 ml","The centella ampoule for calm, comfy skin","SKIN1004 Madagascar Centella Ampoule, 55 ml","Affiliate link: we may earn a commission at no extra cost to you. A lightweight Korean ampoule made with centella asiatica extract from Madagascar. Absorbs fast and layers easily under moisturiser. Rated 4.7 from over 12,000 reviews. A K-beauty favourite for sensitive skin.","korean skincare, centella, k beauty serum, sensitive skin routine, skincare routine",images/sio/sio26060/l/57.jpg,4.7,12857,,live_direct,2026-09-23
6834,traditional-medicinals-organic-chamomile-caffeine-free-16-wrapped-tea-bags-0-74-oz-20-8-g,Herbal Tea & Healthy Drinks,"Traditional Medicinals · Organic Chamomile, 16 bags","The bedtime cuppa, done right","Traditional Medicinals Organic Chamomile Tea, 16 Bags","Affiliate link: we may earn a commission at no extra cost to you. Organic chamomile herbal tea, naturally caffeine free, with a soft floral, honey-like taste. 16 individually wrapped tea bags, rated 4.7 from over 4,900 reviews. The classic wind-down cuppa for a slow evening routine.","chamomile tea, herbal tea, caffeine free tea, evening routine, cosy night in",images/tra/tra00156/l/81.jpg,4.7,4942,,live_direct,2026-09-23
97567,sheamoisture-jamaican-black-castor-oil-strengthen-restore-treatment-masque-11-5-oz-326-g,Natural Hair Care,"SheaMoisture · Jamaican Black Castor Oil Masque, 326 g",A rich hair masque for wash day,"SheaMoisture Jamaican Black Castor Oil Strengthen & Restore Masque, 326 g","Affiliate link: we may earn a commission at no extra cost to you. A rich treatment masque with Jamaican black castor oil and shea butter for a deep-conditioning wash day. Leave on, rinse, and enjoy softer, smoother hair. Rated 4.7 from over 53,000 reviews.","hair mask, deep conditioner, wash day routine, natural hair care, curly hair",images/smt/smt21555/l/106.jpg,4.7,53652,,live_direct,2026-09-23
71356,vital-proteins-collagen-peptides-unflavored-20-oz-567-g,Vitamins & Supplements,"Vital Proteins · Collagen Peptides, 567 g",Collagen that disappears into your coffee,"Vital Proteins Collagen Peptides, Unflavoured, 567 g","Affiliate link: we may earn a commission at no extra cost to you. Unflavoured collagen peptides that dissolve into hot or cold drinks, from morning coffee to smoothies, with no taste or texture. Rated 4.8 from over 38,000 reviews. An easy add to a daily wellness routine.","collagen powder, collagen peptides, morning coffee, wellness routine, beauty supplements",images/vtp/vtp00508/l/105.jpg,4.8,38708,,live_direct,2026-09-24
146043,round-lab-birch-juice-moisturizing-uvlock-sunscreen-spf-45-1-69-fl-oz-50-ml,Korean Skincare Finds,"Round Lab · Birch Juice Sunscreen SPF 45, 50 ml",The K-beauty sunscreen with no white cast,"Round Lab Birch Juice Moisturizing Sunscreen SPF 45, 50 ml","Affiliate link: we may earn a commission at no extra cost to you. A hydrating Korean sunscreen with birch sap that feels like a light moisturiser and sits well under makeup. SPF 45, rated 4.6 from over 1,200 reviews. The last step of a K-beauty morning routine.","korean sunscreen, k beauty, daily spf, skincare routine, sunscreen for face",images/rdb/rdb54119/l/20.jpg,4.6,1215,,live_direct,2026-09-24
5513,yogi-tea-chai-rooibos-caffeine-free-16-tea-bags-1-27-oz-36-g,Herbal Tea & Healthy Drinks,"Yogi Tea · Chai Rooibos, 16 bags","Chai spice, no caffeine","Yogi Tea Chai Rooibos, Caffeine Free, 16 Bags","Affiliate link: we may earn a commission at no extra cost to you. Rooibos with warming chai spices: cinnamon, ginger, cardamom and clove. Naturally caffeine free, lovely with a splash of milk. Rated 4.7 from over 7,000 reviews. An autumn cuppa for cosy afternoons.","chai tea, rooibos tea, caffeine free tea, autumn drinks, cosy tea",images/ygt/ygt41533/l/68.jpg,4.7,7319,,live_direct,2026-09-24
102845,sheamoisture-jamaican-black-castor-oil-strengthen-restore-leave-in-conditioner-11-5-fl-oz-340-ml,Natural Hair Care,"SheaMoisture · JBCO Leave-In Conditioner, 340 ml","The leave-in for soft, easy-to-style hair","SheaMoisture Jamaican Black Castor Oil Leave-In Conditioner, 340 ml","Affiliate link: we may earn a commission at no extra cost to you. A creamy leave-in conditioner with Jamaican black castor oil and shea butter, for softer hair that is easier to detangle and style. Rated 4.6 from over 46,000 reviews. A wash day essential.","leave in conditioner, curly hair routine, natural hair care, wash day, hair care routine",images/smt/smt21584/l/53.jpg,4.6,46850,,live_direct,2026-09-24
9858,now-foods-sports-pea-protein-pure-unflavored-2-lbs-907-g,Protein & Sports Nutrition,"NOW Sports · Pea Protein, Unflavoured, 907 g",Plant protein with one ingredient,"NOW Sports Pea Protein, Pure Unflavoured, 907 g","Affiliate link: we may earn a commission at no extra cost to you. Unflavoured pea protein powder with a single ingredient, easy to blend into smoothies, porridge and plant-based bakes. Vegan friendly, rated 4.4 from over 6,500 reviews.","vegan protein, pea protein, plant based protein, smoothie recipes, gym supplements",images/now/now02135/l/41.jpg,4.4,6572,,live_direct,2026-09-25
55686,heritage-store-rosewater-glycerin-hydrating-facial-mist-dry-to-combination-skin-8-fl-oz-237-ml,Natural Skincare & Body Care,"Heritage Store · Rosewater & Glycerin Mist, 237 ml","A rosewater mist for a fresh face, anytime","Heritage Store Rosewater & Glycerin Facial Mist, 237 ml","Affiliate link: we may earn a commission at no extra cost to you. A hydrating rosewater and glycerin facial mist for a refreshing spritz after cleansing, over makeup or at your desk. Rated 4.6 from over 43,000 reviews. A simple, pretty self care staple.","rosewater mist, facial mist, natural skincare, self care routine, skincare routine",images/hrp/hrp20081/l/36.jpg,4.6,43580,,live_direct,2026-09-25
142762,micro-ingredients-allulose-sweetener-3-lb-1-361-g,Healthy Snacks & Pantry,"Micro Ingredients · Allulose Sweetener, 1.36 kg",The sugar swap that bakes like sugar,"Micro Ingredients Allulose Sweetener, 1.36 kg","Affiliate link: we may earn a commission at no extra cost to you. Allulose is a sugar alternative that browns and bakes much like regular sugar, so it works in cookies, cakes and coffee. Big 1.36 kg bag, rated 4.7 from over 1,500 reviews. A pantry swap for lower-sugar baking.","sugar alternative, low sugar baking, healthy baking, healthy pantry, keto baking",images/mii/mii16704/l/6.jpg,4.7,1559,,live_direct,2026-09-25
96460,nordic-naturals-children-s-dha-gummy-chews-ages-3-tropical-punch-30-gummies-355-mg-per-gummy,Kids & Baby Wellness,"Nordic Naturals · Children's DHA Gummy Chews, 30",Omega-3 gummies kids ask for,"Nordic Naturals Children's DHA Gummy Chews, Tropical Punch, 30 Gummies","Affiliate link: we may earn a commission at no extra cost to you. Tropical punch flavoured DHA gummy chews for children aged 3+, an easy way to add omega-3 to the morning routine without the fishy taste. Rated 4.9 from over 14,000 reviews.","kids vitamins, omega 3 gummies, dha for kids, family wellness, parenting tips",images/nor/nor01709/l/87.jpg,4.9,14226,,live_direct,2026-09-25
67051,life-extension-bioactive-complete-b-complex-60-vegetarian-capsules,Vitamins & Supplements,"Life Extension · BioActive Complete B-Complex, 60",All your B vitamins in one capsule,"Life Extension BioActive Complete B-Complex, 60 Vegetarian Capsules","Affiliate link: we may earn a commission at no extra cost to you. A full B-complex with methylfolate and methylcobalamin in one small vegetarian capsule. Rated 4.8 from over 114,000 reviews. A simple pick for anyone streamlining their daily vitamin routine.","b complex, b vitamins, daily vitamins, vitamins and supplements, wellness routine",images/lex/lex19456/l/126.jpg,4.8,114152,,live_direct,2026-09-26
124288,idealove-superfood-skin-savior-beauty-masks-variety-pack-7-sheets-0-68-fl-oz-20-ml-each,Korean Skincare Finds,"Idealove · Superfood Sheet Masks, 7 pack",A week of sheet mask nights,"Idealove Superfood Skin Savior Sheet Masks, Variety Pack of 7","Affiliate link: we may earn a commission at no extra cost to you. A variety pack of seven sheet masks with superfood extracts, one for every night of the week. Rated 4.7 from over 19,000 reviews. The easiest self care evening: pop one on, put the kettle on.","sheet mask, self care night, pamper night, skincare routine, k beauty",images/ide/ide02315/l/104.jpg,4.7,19818,,live_direct,2026-09-26
6734,traditional-medicinals-organic-peppermint-caffeine-free-16-wrapped-tea-bags-0-85-oz-24-g,Herbal Tea & Healthy Drinks,"Traditional Medicinals · Organic Peppermint, 16 bags",The after-dinner peppermint cuppa,"Traditional Medicinals Organic Peppermint Tea, 16 Bags","Affiliate link: we may earn a commission at no extra cost to you. Organic peppermint herbal tea, naturally caffeine free, bold and cooling. 16 individually wrapped tea bags, rated 4.7 from over 4,700 reviews. A fresh after-dinner cuppa for cosy evenings.","peppermint tea, herbal tea, caffeine free tea, after dinner tea, cosy evening routine",images/tra/tra00052/l/79.jpg,4.7,4786,,live_direct,2026-09-26
6419,giovanni-smooth-as-silk-deep-moisture-shampoo-for-damaged-hair-8-5-fl-oz-250-ml,Natural Hair Care,Giovanni · Smooth As Silk Deep Moisture Shampoo,"A deep moisture shampoo for dry, frizzy hair","Giovanni Smooth As Silk Deep Moisture Shampoo, 250 ml","Affiliate link: we may earn a commission at no extra cost to you. A deep moisture shampoo with botanical oils for dry, frizzy or damaged hair, leaving it soft and smooth. Rated 4.5 from over 71,000 reviews. A salon-feel wash on a drugstore budget.","dry hair shampoo, frizzy hair, hair care routine, natural hair care, smooth hair",images/gio/gio18053/l/24.jpg,4.5,71171,,live_direct,2026-09-26
146526,micro-ingredients-electrolytes-lemon-raspberry-2-lb-907-g,Protein & Sports Nutrition,"Micro Ingredients · Electrolytes, Lemon Raspberry, 907 g",Electrolytes for long runs and hot gym days,"Micro Ingredients Electrolytes Powder, Lemon & Raspberry, 907 g","Affiliate link: we may earn a commission at no extra cost to you. A lemon raspberry electrolyte drink powder for long runs, hot workouts and busy summer days. Big 907 g tub, rated 4.7 from over 600 reviews. Stir into your water bottle and go.","electrolytes, hydration, running essentials, gym supplements, workout routine",images/mii/mii61696/l/10.jpg,4.7,667,,live_direct,2026-09-27
135467,dr-teal-s-body-wash-with-pure-epsom-salt-glow-radiance-24-fl-oz-710-ml,Natural Skincare & Body Care,"Dr Teal's · Epsom Salt Body Wash, Glow & Radiance",The shower that feels like a spa,"Dr Teal's Epsom Salt Body Wash, Glow & Radiance, 710 ml","Affiliate link: we may earn a commission at no extra cost to you. A body wash with pure Epsom salt and a bright, uplifting scent, for a spa-feel shower at home. Big 710 ml bottle, rated 4.7 from over 1,000 reviews. An easy upgrade to the everyday self care routine.","body wash, shower routine, self care routine, spa at home, body care",images/dct/dct01967/l/24.jpg,4.7,1022,,live_direct,2026-09-27
80962,wild-planet-wild-sardines-in-water-no-salt-added-4-4-oz-125-g,Healthy Snacks & Pantry,"Wild Planet · Wild Sardines in Water, 125 g","The tinned fish trend, done simply","Wild Planet Wild Sardines in Water, No Salt Added, 125 g","Affiliate link: we may earn a commission at no extra cost to you. Wild-caught sardines in water with no salt added, ready for toast, salads, pasta and tinned fish boards. Rated 4.7 from over 4,000 reviews. A protein-packed pantry staple for quick lunches.","tinned fish, sardines, healthy lunch ideas, high protein meals, healthy pantry",images/wld/wld00089/l/89.jpg,4.7,4116,,live_direct,2026-09-27
6368,childlife-essentials-multi-vitamin-mineral-natural-orange-mango-8-fl-oz-237-ml,Kids & Baby Wellness,"ChildLife Essentials · Multi Vitamin & Mineral, 237 ml",A liquid multivitamin with a tropical twist,"ChildLife Essentials Multi Vitamin & Mineral, Orange Mango, 237 ml","Affiliate link: we may earn a commission at no extra cost to you. A liquid multivitamin and mineral for kids with a natural orange mango flavour, easy to take from a spoon or mixed into juice. Rated 4.8 from over 22,000 reviews. A family favourite.","kids multivitamin, kids vitamins, family wellness, parenting tips, toddler routine",images/cdl/cdl10300/l/105.jpg,4.8,22407,,live_direct,2026-09-27
69599,allmax-leak-proof-shaker-black-red-25-oz-700-ml,Protein & Sports Nutrition,"ALLMAX · Leak-Proof Shaker, 700 ml",The gym bag shaker that doesn't leak,"ALLMAX Leak-Proof Shaker Bottle, 700 ml","Affiliate link: we may earn a commission at no extra cost to you. A 700 ml leak-proof shaker bottle for protein shakes, electrolytes and pre-workout, sturdy enough to live in your gym bag. Rated 4.6 from over 9,000 reviews.","shaker bottle, gym bag essentials, protein shake, gym accessories, workout routine",images/amx/amx23641/l/54.jpg,4.6,9031,,live_direct,2026-09-28
52947,hurraw-balm-lip-balm-vanilla-bean-0-17-oz-4-8-g,Natural Skincare & Body Care,Hurraw! · Vanilla Bean Lip Balm,The plant-based lip balm cult favourite,"Hurraw! Vanilla Bean Lip Balm, 4.8 g","Affiliate link: we may earn a commission at no extra cost to you. A vegan, plant-based lip balm with a soft vanilla bean scent, in a slim oval tube that slips into any pocket. Rated 4.7 from over 3,000 reviews. A small everyday favourite.","lip balm, vegan beauty, natural skincare, handbag essentials, lip care",images/hur/hur00520/l/42.jpg,4.7,3144,,live_direct,2026-09-28
89094,california-gold-nutrition-foods-variety-pack-snack-bars-12-bars-1-4-oz-40-g-each,Healthy Snacks & Pantry,"California Gold Nutrition · Snack Bars Variety Pack, 12",A snack bar for every lunchbox,"California Gold Nutrition Snack Bars Variety Pack, 12 Bars","Affiliate link: we may earn a commission at no extra cost to you. A variety pack of 12 nut and fruit snack bars in different flavours, handy for lunchboxes, work bags and road trips. Rated 4.6 from over 61,000 reviews. Easy healthy snacks, sorted.","healthy snacks, snack bars, lunchbox ideas, snacks on the go, healthy pantry",images/cgn/cgn01325/l/90.jpg,4.6,61856,,live_direct,2026-09-28
82469,crayola-shaker-bath-dropz-3-fragrance-free-60-tablets-3-59-oz-102-g,Kids & Baby Wellness,"Crayola · Shaker Bath Dropz, 60 tablets","Bath time, but make it colourful","Crayola Shaker Bath Dropz, Fragrance Free, 60 Tablets","Affiliate link: we may earn a commission at no extra cost to you. Fizzy colour tablets from Crayola that turn the bath water into a rainbow, fragrance free and for ages 3+. Rated 4.7 from over 18,000 reviews. The easiest way to get little ones excited about bath time.","bath time fun, kids bath, toddler activities, parenting hacks, family fun",images/cya/cya03402/l/50.jpg,4.7,18355,,live_direct,2026-09-28
